{
    "sigA": {
        "cutoff frequency": 1500,
        "transition bandwidth": 2100,
        "window type": "Rectangular",
        "coefficient": [
            0.135417630349277313,
            0.230386233443460930,
            0.268392272414523625,
            0.230386233443460930,
            0.135417630349277313
        ]
    },
    "sigB": {
        "cutoff frequency": 495,
        "transition bandwidth": 660,
        "window type": "Rectangular",
        "coefficient": [
            0.135417630349277313,
            0.230386233443460930,
            0.268392272414523625,
            0.230386233443460930,
            0.135417630349277313
        ]
    },
    "sigC": {
        "cutoff frequency": 125,
        "transition bandwidth": 225,
        "window type": "Rectangular",
        "coefficient": [
            0.068146550155253893,
            0.081014025735235903,
            0.091886195306041848,
            0.100138842939668959,
            0.105292210529990826,
            0.107044350667617014,
            0.105292210529990826,
            0.100138842939668959,
            0.091886195306041848,
            0.081014025735235903,
            0.068146550155253893
        ]
    },
    "sigD": {
        "cutoff frequency": 60,
        "transition bandwidth": 88,
        "window type": "Rectangular",
        "coefficient": [
            0.135417630349277313,
            0.230386233443460930,
            0.268392272414523625,
            0.230386233443460930,
            0.135417630349277313
        ]
    }
}